{
    "name": "root",
    "gauges": {
        "Player.Policy.Entropy.mean": {
            "value": 0.09995145350694656,
            "min": 0.09995145350694656,
            "max": 0.6918489933013916,
            "count": 23
        },
        "Player.Environment.EpisodeLength.mean": {
            "value": 115.81395348837209,
            "min": 33.654545454545456,
            "max": 115.81395348837209,
            "count": 23
        },
        "Player.Policy.CuriosityValueEstimate.mean": {
            "value": 0.08352193981409073,
            "min": 0.08352193981409073,
            "max": 0.5009089708328247,
            "count": 23
        },
        "Player.Policy.ExtrinsicValueEstimate.mean": {
            "value": -0.31443244218826294,
            "min": -0.5815522074699402,
            "max": -0.20575769245624542,
            "count": 23
        },
        "Player.Environment.CumulativeReward.mean": {
            "value": -0.33325882457771944,
            "min": -0.49468858134739463,
            "max": -0.1831149410044282,
            "count": 23
        },
        "Player.Policy.ExtrinsicReward.mean": {
            "value": -0.33325882457771944,
            "min": -0.49468858134739463,
            "max": -0.1831149410044282,
            "count": 23
        },
        "Player.Policy.CuriosityReward.mean": {
            "value": 0.030346478006857282,
            "min": 0.0011848171576857567,
            "max": 0.04858631107622025,
            "count": 23
        },
        "Player.Losses.PolicyLoss.mean": {
            "value": 0.1395729060884979,
            "min": 0.13221861248276923,
            "max": 0.14812772268222438,
            "count": 23
        },
        "Player.Losses.ValueLoss.mean": {
            "value": 0.004245390299183782,
            "min": 0.0032557364395405684,
            "max": 0.06985983514123492,
            "count": 23
        },
        "Player.Policy.LearningRate.mean": {
            "value": 0.00030000000000000003,
            "min": 0.0002999999999999999,
            "max": 0.00030000000000000003,
            "count": 23
        },
        "Player.Policy.Epsilon.mean": {
            "value": 0.2,
            "min": 0.2,
            "max": 0.20000000000000004,
            "count": 23
        },
        "Player.Policy.Beta.mean": {
            "value": 0.005,
            "min": 0.004999999999999998,
            "max": 0.005,
            "count": 23
        },
        "Player.Losses.CuriosityForwardLoss.mean": {
            "value": 0.010375628346034015,
            "min": 0.010375628346034015,
            "max": 0.2225393877695832,
            "count": 23
        },
        "Player.Losses.CuriosityInverseLoss.mean": {
            "value": 0.06370213475119575,
            "min": 0.06370213475119575,
            "max": 0.6860062385929956,
            "count": 23
        },
        "Player.IsTraining.mean": {
            "value": 1.0,
            "min": 1.0,
            "max": 1.0,
            "count": 23
        }
    },
    "metadata": {
        "timer_format_version": "0.1.0",
        "start_time_seconds": "1606143161",
        "python_version": "3.8.6 (tags/v3.8.6:db45529, Sep 23 2020, 15:52:53) [MSC v.1927 64 bit (AMD64)]",
        "command_line_arguments": "C:\\Users\\Brent Janssens\\AppData\\Local\\Programs\\Python\\Python38\\Scripts\\mlagents-learn Player-01.yml --run-id Player-11",
        "mlagents_version": "0.22.0.dev0",
        "mlagents_envs_version": "0.22.0.dev0",
        "communication_protocol_version": "1.2.0",
        "pytorch_version": "1.6.0+cpu",
        "numpy_version": "1.18.5",
        "end_time_seconds": "1606143742"
    },
    "total": 580.3367776,
    "count": 1,
    "self": 0.24519529999997758,
    "children": {
        "run_training.setup": {
            "total": 0.005779700000000165,
            "count": 1,
            "self": 0.005779700000000165
        },
        "TrainerController.start_learning": {
            "total": 580.0858026000001,
            "count": 1,
            "self": 0.8656515999967951,
            "children": {
                "TrainerController._reset_env": {
                    "total": 5.0526438,
                    "count": 1,
                    "self": 5.0526438
                },
                "TrainerController.advance": {
                    "total": 574.1302762000032,
                    "count": 50393,
                    "self": 0.4076878999968585,
                    "children": {
                        "env_step": {
                            "total": 573.7225883000064,
                            "count": 50393,
                            "self": 529.3157533999907,
                            "children": {
                                "SubprocessEnvManager._take_step": {
                                    "total": 43.95082340000312,
                                    "count": 50393,
                                    "self": 0.9381473000060012,
                                    "children": {
                                        "TorchPolicy.evaluate": {
                                            "total": 43.012676099997115,
                                            "count": 48979,
                                            "self": 7.262414800006738,
                                            "children": {
                                                "TorchPolicy.sample_actions": {
                                                    "total": 35.75026129999038,
                                                    "count": 48979,
                                                    "self": 35.75026129999038
                                                }
                                            }
                                        }
                                    }
                                },
                                "workers": {
                                    "total": 0.456011500012492,
                                    "count": 50392,
                                    "self": 0.0,
                                    "children": {
                                        "worker_root": {
                                            "total": 573.9536307000081,
                                            "count": 50392,
                                            "is_parallel": true,
                                            "self": 225.39090670000496,
                                            "children": {
                                                "steps_from_proto": {
                                                    "total": 0.00046670000000048617,
                                                    "count": 1,
                                                    "is_parallel": true,
                                                    "self": 0.00016030000000011313,
                                                    "children": {
                                                        "_process_vector_observation": {
                                                            "total": 0.00030640000000037304,
                                                            "count": 6,
                                                            "is_parallel": true,
                                                            "self": 0.00030640000000037304
                                                        }
                                                    }
                                                },
                                                "UnityEnvironment.step": {
                                                    "total": 348.5622573000032,
                                                    "count": 50392,
                                                    "is_parallel": true,
                                                    "self": 2.545258200011233,