{
    "name": "root",
    "gauges": {
        "Player.Policy.Entropy.mean": {
            "value": 0.04888881742954254,
            "min": 0.01608315296471119,
            "max": 0.692779004573822,
            "count": 96
        },
        "Player.Policy.CuriosityValueEstimate.mean": {
            "value": 0.009287605993449688,
            "min": -0.060639388859272,
            "max": 0.012990737333893776,
            "count": 96
        },
        "Player.Policy.ExtrinsicValueEstimate.mean": {
            "value": -0.06578314304351807,
            "min": -0.9550497531890869,
            "max": 0.5094696879386902,
            "count": 96
        },
        "Player.Environment.EpisodeLength.mean": {
            "value": 8089.0,
            "min": 61.45,
            "max": 51362.0,
            "count": 52
        },
        "Player.Environment.CumulativeReward.mean": {
            "value": -2.1449998654425144,
            "min": -26.986999679356813,
            "max": -0.9110806551912138,
            "count": 52
        },
        "Player.Policy.ExtrinsicReward.mean": {
            "value": -2.1449998654425144,
            "min": -26.986999679356813,
            "max": -0.9110806551912138,
            "count": 52
        },
        "Player.Policy.CuriosityReward.mean": {
            "value": 0.2502638374789967,
            "min": 0.0012311791890575517,
            "max": 2.2596131213285844,
            "count": 52
        },
        "Player.Losses.PolicyLoss.mean": {
            "value": 0.13840743753427914,
            "min": 0.0955835665617552,
            "max": 0.16687612855755207,
            "count": 96
        },
        "Player.Losses.ValueLoss.mean": {
            "value": 0.00013995345087148412,
            "min": 0.00010374342372300974,
            "max": 0.1331917683894056,
            "count": 96
        },
        "Player.Policy.LearningRate.mean": {
            "value": 0.0003,
            "min": 0.0003,
            "max": 0.00030000000000000003,
            "count": 96
        },
        "Player.Policy.Epsilon.mean": {
            "value": 0.2,
            "min": 0.2,
            "max": 0.20000000000000004,
            "count": 96
        },
        "Player.Policy.Beta.mean": {
            "value": 0.004999999999999999,
            "min": 0.004999999999999998,
            "max": 0.005,
            "count": 96
        },
        "Player.Losses.CuriosityForwardLoss.mean": {
            "value": 0.0011825149289723786,
            "min": 0.0011825149289723786,
            "max": 0.21956028275455813,
            "count": 96
        },
        "Player.Losses.CuriosityInverseLoss.mean": {
            "value": 0.0406730418613516,
            "min": 0.011448640261337767,
            "max": 0.6924755576573073,
            "count": 96
        },
        "Player.IsTraining.mean": {
            "value": 1.0,
            "min": 1.0,
            "max": 1.0,
            "count": 96
        }
    },
    "metadata": {
        "timer_format_version": "0.1.0",
        "start_time_seconds": "1606129380",
        "python_version": "3.8.6 (tags/v3.8.6:db45529, Sep 23 2020, 15:52:53) [MSC v.1927 64 bit (AMD64)]",
        "command_line_arguments": "C:\\Users\\Brent Janssens\\AppData\\Local\\Programs\\Python\\Python38\\Scripts\\mlagents-learn Player-01.yml --run-id Player-04 --force",
        "mlagents_version": "0.22.0.dev0",
        "mlagents_envs_version": "0.22.0.dev0",
        "communication_protocol_version": "1.2.0",
        "pytorch_version": "1.6.0+cpu",
        "numpy_version": "1.18.5",
        "end_time_seconds": "1606132036"
    },
    "total": 2655.8519944,
    "count": 1,
    "self": 0.23757590000013806,
    "children": {
        "run_training.setup": {
            "total": 0.005891800000000114,
            "count": 1,
            "self": 0.005891800000000114
        },
        "TrainerController.start_learning": {
            "total": 2655.6085267,
            "count": 1,
            "self": 2.3709786000094937,
            "children": {
                "TrainerController._reset_env": {
                    "total": 3.6958442999999996,
                    "count": 1,
                    "self": 3.6958442999999996
                },
                "TrainerController.advance": {
                    "total": 2649.5037575999904,
                    "count": 139378,
                    "self": 1.1251259999685317,
                    "children": {
                        "env_step": {
                            "total": 2648.378631600022,
                            "count": 139378,
                            "self": 2502.6842132998336,
                            "children": {
                                "SubprocessEnvManager._take_step": {
                                    "total": 144.4560283000838,
                                    "count": 139378,
                                    "self": 2.8702423001321336,
                                    "children": {
                                        "TorchPolicy.evaluate": {
                                            "total": 141.58578599995167,
                                            "count": 138687,
                                            "self": 22.559742899873825,
                                            "children": {
                                                "TorchPolicy.sample_actions": {
                                                    "total": 119.02604310007784,
                                                    "count": 138687,
                                                    "self": 119.02604310007784
                                                }
                                            }
                                        }
                                    }
                                },
                                "workers": {
                                    "total": 1.238390000104653,
                                    "count": 139377,
                                    "self": 0.0,
                                    "children": {
                                        "worker_root": {
                                            "total": 2648.709140900039,
                                            "count": 139377,
                                            "is_parallel": true,
                                            "self": 842.6001117000071,
                                            "children": {
                                                "steps_from_proto": {
                                                    "total": 0.000799200000000333,
                                                    "count": 1,
                                                    "is_parallel": true,
                                                    "self": 0.00015570000000009188,
                                                    "children": {
                                                        "_process_vector_observation": {
                                                            "total": 0.0006435000000002411,
                                                            "count": 6,
                                                            "is_parallel": true,
                                                            "self": 0.0006435000000002411
                                                        }
                                                    }
                                                },
                                                "UnityEnvironment.step": {
                                                    "total": 1806.1082300000319,
                                                    "count": 139377,
                                                    "is_parallel": true,
                                                    "self": 8.520799100174372,