{"count":1,"self":114.8132608,"total":795.8934994,"children":{"AgentSendState":{"count":149151,"self":8.881628,"total":120.12263469999999,"children":{"CollectObservations":{"count":329001,"self":1.4081658,"total":1.4081658,"children":null},"CollectDiscreteActionMasks":{"count":329001,"self":1.2440821,"total":1.2440821,"children":null},"AgentInfo.ToProto":{"count":329001,"self":4.3761304,"total":108.5887585,"children":{"GenerateSensorData":{"count":329001,"self":94.157702399999991,"total":104.21262829999999,"children":{"RayPerceptionSensor.Perceive":{"count":658002,"self":10.0549248,"total":10.0549248,"children":null}}}}}}},"DecideAction":{"count":149151,"self":553.93551359999992,"total":553.935519,"children":null},"AgentAct":{"count":149151,"self":1.2065588,"total":6.1035800999999994,"children":{"AgentInfo.ToProto":{"count":12937,"self":0.1990574,"total":4.8970213,"children":{"GenerateSensorData":{"count":12937,"self":4.2951587999999994,"total":4.6979638999999995,"children":{"RayPerceptionSensor.Perceive":{"count":25874,"self":0.4028052,"total":0.4028052,"children":null}}}}}}},"AgentInfo.ToProto":{"count":2347,"self":0.0355033,"total":0.91750579999999993,"children":{"GenerateSensorData":{"count":2347,"self":0.7750168,"total":0.88200249999999991,"children":{"RayPerceptionSensor.Perceive":{"count":4694,"self":0.10698569999999999,"total":0.10698569999999999,"children":null}}}}}},"gauges":{"Player.CumulativeReward":{"count":15284,"max":13.0040007,"min":-44.86126,"runningAverage":0.141440123,"value":-0.998,"weightedAverage":-0.44380036}},"metadata":{"timer_format_version":"0.1.0","start_time_seconds":"1606722123","unity_version":"2019.4.13f1","command_line_arguments":"C:\\Program Files\\Unity\\Hub\\Editor\\2019.4.13f1\\Editor\\Unity.exe -projectpath C:\/Users\/Brent Janssens\/Documents\/20-21 VR Experience\/machine-learning-jumper-excercise-BrentjeJ\/machine-learning-jumper-exercise -useHub -hubIPC -cloudEnvironment production -hubSessionId 40e3c6d0-32de-11eb-8452-df4ec2a40b9e -accessToken 9X-baeUVg_0q9iuU8rTh31OzJ6IDOLGddHm0-ULydbw008f","communication_protocol_version":"1.0.0","com.unity.ml-agents_version":"1.0.6","scene_name":"MLScene","end_time_seconds":"1606722919"}}