{
    "name": "root",
    "gauges": {
        "Player.Policy.Entropy.mean": {
            "value": 0.015316157601773739,
            "min": 0.012754444032907486,
            "max": 0.6917728185653687,
            "count": 65
        },
        "Player.Policy.CuriosityValueEstimate.mean": {
            "value": 0.007251102011650801,
            "min": 0.0006724486011080444,
            "max": 0.6774355173110962,
            "count": 65
        },
        "Player.Policy.ExtrinsicValueEstimate.mean": {
            "value": -0.18563364446163177,
            "min": -0.7995158433914185,
            "max": 0.33838409185409546,
            "count": 65
        },
        "Player.Environment.EpisodeLength.mean": {
            "value": 184.82456140350877,
            "min": 71.65413533834587,
            "max": 226.59574468085106,
            "count": 65
        },
        "Player.Environment.CumulativeReward.mean": {
            "value": -0.2952632578580003,
            "min": -2.0368453447840045,
            "max": -0.1671876247661809,
            "count": 65
        },
        "Player.Policy.ExtrinsicReward.mean": {
            "value": -0.2952632578580003,
            "min": -2.0368453447840045,
            "max": -0.1671876247661809,
            "count": 65
        },
        "Player.Policy.CuriosityReward.mean": {
            "value": 0.004293488214196323,
            "min": 0.001846169287613196,
            "max": 0.127259364810362,
            "count": 65
        },
        "Player.Losses.PolicyLoss.mean": {
            "value": 0.1408558553436564,
            "min": 0.12843916247931958,
            "max": 0.14635792660630412,
            "count": 65
        },
        "Player.Losses.ValueLoss.mean": {
            "value": 0.0028430499402747954,
            "min": 0.0009137036677566357,
            "max": 0.07959505214459366,
            "count": 65
        },
        "Player.Policy.LearningRate.mean": {
            "value": 0.00030000000000000003,
            "min": 0.0002999999999999999,
            "max": 0.00030000000000000003,
            "count": 65
        },
        "Player.Policy.Epsilon.mean": {
            "value": 0.2,
            "min": 0.2,
            "max": 0.20000000000000004,
            "count": 65
        },
        "Player.Policy.Beta.mean": {
            "value": 0.005,
            "min": 0.004999999999999998,
            "max": 0.005,
            "count": 65
        },
        "Player.Losses.CuriosityForwardLoss.mean": {
            "value": 0.0011527324693371256,
            "min": 0.0007315668743831338,
            "max": 0.24513324106526044,
            "count": 65
        },
        "Player.Losses.CuriosityInverseLoss.mean": {
            "value": 0.014323631226070449,
            "min": 0.008070313196656818,
            "max": 0.6891096443600124,
            "count": 65
        },
        "Player.IsTraining.mean": {
            "value": 1.0,
            "min": 1.0,
            "max": 1.0,
            "count": 65
        }
    },
    "metadata": {
        "timer_format_version": "0.1.0",
        "start_time_seconds": "1606134588",
        "python_version": "3.8.6 (tags/v3.8.6:db45529, Sep 23 2020, 15:52:53) [MSC v.1927 64 bit (AMD64)]",
        "command_line_arguments": "C:\\Users\\Brent Janssens\\AppData\\Local\\Programs\\Python\\Python38\\Scripts\\mlagents-learn Player-01.yml --run-id Player-07",
        "mlagents_version": "0.22.0.dev0",
        "mlagents_envs_version": "0.22.0.dev0",
        "communication_protocol_version": "1.2.0",
        "pytorch_version": "1.6.0+cpu",
        "numpy_version": "1.18.5",
        "end_time_seconds": "1606136342"
    },
    "total": 1753.7474522,
    "count": 1,
    "self": 0.23365249999983462,
    "children": {
        "run_training.setup": {
            "total": 0.005672699999999864,
            "count": 1,
            "self": 0.005672699999999864
        },
        "TrainerController.start_learning": {
            "total": 1753.508127,
            "count": 1,
            "self": 1.4370917000373993,
            "children": {
                "TrainerController._reset_env": {
                    "total": 5.5181542,
                    "count": 1,
                    "self": 5.5181542
                },
                "TrainerController.advance": {
                    "total": 1746.5161675999627,
                    "count": 85490,
                    "self": 0.6811061999849244,
                    "children": {
                        "env_step": {
                            "total": 1745.8350613999778,
                            "count": 85490,
                            "self": 1655.5729541999121,
                            "children": {
                                "SubprocessEnvManager._take_step": {
                                    "total": 89.50255500003561,
                                    "count": 85490,
                                    "self": 1.7345475000364985,
                                    "children": {
                                        "TorchPolicy.evaluate": {
                                            "total": 87.76800749999911,
                                            "count": 85133,
                                            "self": 14.28948559997103,
                                            "children": {
                                                "TorchPolicy.sample_actions": {
                                                    "total": 73.47852190002808,
                                                    "count": 85133,
                                                    "self": 73.47852190002808
                                                }
                                            }
                                        }
                                    }
                                },
                                "workers": {
                                    "total": 0.7595522000301065,
                                    "count": 85489,
                                    "self": 0.0,
                                    "children": {
                                        "worker_root": {
                                            "total": 1746.099318599981,
                                            "count": 85489,
                                            "is_parallel": true,
                                            "self": 557.930663999969,
                                            "children": {
                                                "steps_from_proto": {
                                                    "total": 0.0008086999999994404,
                                                    "count": 1,
                                                    "is_parallel": true,
                                                    "self": 0.00016410000000011138,
                                                    "children": {
                                                        "_process_vector_observation": {
                                                            "total": 0.000644599999999329,
                                                            "count": 6,
                                                            "is_parallel": true,
                                                            "self": 0.000644599999999329
                                                        }
                                                    }
                                                },
                                                "UnityEnvironment.step": {
                                                    "total": 1188.1678459000118,
                                                    "count": 85489,
                                                    "is_parallel": true,
                                                    "self": 5.336311399977831,